Workbook
Name serv: '[1]Detalle de Pagos'!$B$7
Name Tipo_cuenta: [1]Hoja2!$K$2:$K$4

Sheet FARMACIA
A1: =TODAY() -> 46268 | I1: FIRMADO
A2: APELLIDO 1 | B2: APELLIDO 2 | C2: NOMBRES | D2: FECHA CONTRATO | E2: ANTIGÜEDAD | F2: FECHA RENOVACION | G2: CARGO | H2: FECHA INDEFINIDO | I2: REP. LEGAL | J2: TRABAJADOR | K2: Años | L2: Meses | M2: Días | N2: ENTREGA RIOHS | O2: DOCUMENTO | P2: NUMERO | Q2: DIGITO | R2: NACIONALIDAD | S2: FECHA NACIMIENTO | T2: EDAD | U2: ESTADO CIVIL | V2: DIRECCION | W2: CELULAR | X2: CORREO ELECTRONICO | Y2: NIVEL EDUCACIONAL | Z2: REGIMEN SALUD | AA2: REGIMEN PREVISIONAL | AB2: BANCO | AC2: TIPO CUENTA | AD2: NUMERO2 | AE2: SUELDO BASE | AF2: BONO | AG2: MOV Y COL | AH2: FECHA CAMBIO | AI2: SUELDO BASE2 | AJ2: BONO2 | AK2: MOV Y COL2
A3: Barrera | B3: Cortés | C3: Dayan | D3: 42217 | E3: =DATEDIF(D3,TODAY(),"Y")&" años, "&DATEDIF(D3,TODAY(),"YM")&" meses y "&DATEDIF(D3,TODAY(),"MD")&" días." -> 11 años, 1 meses y 2 días. | F3: 42217 | G3: Representante Legal | H3: 42217 | I3: SI | J3: SI | K3: =DATEDIF(FARMACIA!$D3,$A$1,"Y") -> 11 | L3: =DATEDIF(FARMACIA!$D3,$A$1,"Ym") -> 1 | M3: =DATEDIF(FARMACIA!$D3,$A$1,"md") -> 2 | N3: NO | O3: RUN | P3: 13421122 | Q3: 9 | R3: CHILENA | S3: 13-09-1978 | T3: =($A$1-S3)/365 -> 48.005479 | U3: DIVORCIADA | V3: Subida del Desierto 317 | W3: 993258016 | X3: dayanbarrera@gmail.com | Y3: SUPERIOR | Z3: CRUZ BLANCA | AA3: CUPRUM | AB3: ITAU | AC3: CORRIENTE | AD3: 21382887
A4: Román | B4: Díaz | C4: Yennifer | D4: 42270 | E4: =DATEDIF(D4,TODAY(),"Y")&" años, "&DATEDIF(D4,TODAY(),"YM")&" meses y "&DATEDIF(D4,TODAY(),"MD")&" días." -> 10 años, 11 meses y 11 días. | F4: 42370 | G4: Auxiliar Farmacéutico | I4: SI | J4: SI | K4: =DATEDIF(FARMACIA!$D4,$A$1,"Y") -> 10 | L4: =DATEDIF(FARMACIA!$D4,$A$1,"Ym") -> 11 | M4: =DATEDIF(FARMACIA!$D4,$A$1,"md") -> 11 | N4: SI | O4: RUN | P4: 15925633 | Q4: 2 | R4: CHILENA | S4: 31046 | T4: =($A$1-S4)/365 -> 41.70411 | U4: SOLTERA | V4: Carlos Pérez Bretti 9742 | W4: 994110836 | X4: yennyroman_22@hotmail.com | Y4: MEDIA | Z4: FONASA | AA4: CUPRUM | AB4: ESTADO | AC4: CORRIENTE | AD4: 2500334200
A5: Chiquito | B5: Osorio | C5: Ludivia | D5: 43191 | E5: =DATEDIF(D5,TODAY(),"Y")&" años, "&DATEDIF(D5,TODAY(),"YM")&" meses y "&DATEDIF(D5,TODAY(),"MD")&" días." -> 8 años, 5 meses y 2 días. | F5: 43191 | G5: Auxiliar de aseo | H5: 43191 | I5: SI | J5: SI | K5: =DATEDIF(FARMACIA!$D5,$A$1,"Y") -> 8 | L5: =DATEDIF(FARMACIA!$D5,$A$1,"Ym") -> 5 | M5: =DATEDIF(FARMACIA!$D5,$A$1,"md") -> 2 | N5: SI | O5: RUN | P5: 25022361 | Q5: 7 | R5: COLOMBIANA | S5: 25148 | T5: =($A$1-S5)/365 -> 57.863014 | U5: DIVORCIADA | V5: Esmeralda 2045 | W5: 948597665 | X5: josefa113@gmail.com | Y5: MEDIA | Z5: FONASA | AA5: ING CAPITAL | AB5: ESTADO | AC5: VISTA | AD5: 25022361 | AE5: 390000 | AF5: 0 | AG5: 30000 | AH5: 44562 | AI5: 435000
A6: Salamanca | B6: Lecaros | C6: Juan Luis | D6: 44105 | E6: =DATEDIF(D6,TODAY(),"Y")&" años, "&DATEDIF(D6,TODAY(),"YM")&" meses y "&DATEDIF(D6,TODAY(),"MD")&" días." -> 5 años, 11 meses y 2 días. | F6: 44105 | G6: Jefe Operaciones | H6: 44105 | I6: NO | J6: NO | K6: =DATEDIF(FARMACIA!$D6,$A$1,"Y") -> 5 | L6: =DATEDIF(FARMACIA!$D6,$A$1,"Ym") -> 11 | M6: =DATEDIF(FARMACIA!$D6,$A$1,"md") -> 2 | N6: NO | O6: RUN | P6: 8346245 | Q6: 0 | R6: CHILENA | S6: 11-09-1966 | T6: =($A$1-S6)/365 -> 60.019178 | U6: DIVORCIADO | V6: Subida del Desierto 317 | W6: 966190114 | X6: juanluis.salamanca@gmail.com | Y6: SUPERIOR | Z6: CRUZ BLANCA | AA6: CUPRUM | AB6: SANTANDER | AC6: CORRIENTE | AD6: 62173289
A7: Castro | B7: Martinez | C7: Paulina | D7: 44136 | E7: =DATEDIF(D7,TODAY(),"Y")&" años, "&DATEDIF(D7,TODAY(),"YM")&" meses y "&DATEDIF(D7,TODAY(),"MD")&" días." -> 5 años, 10 meses y 2 días. | F7: 44136 | G7: Administrativa | H7: 44136 | I7: NO | J7: NO | K7: =DATEDIF(FARMACIA!$D7,$A$1,"Y") -> 5 | L7: =DATEDIF(FARMACIA!$D7,$A$1,"Ym") -> 10 | M7: =DATEDIF(FARMACIA!$D7,$A$1,"md") -> 2 | N7: NO | O7: RUN | P7: 15024777 | Q7: 2 | R7: CHILENA | S7: 30478 | T7: =($A$1-S7)/365 -> 43.260274 | U7: CASADA | V7: Av. Oscar Bonilla 8617 | W7: 973027220 | X7: pauly.castro.m@gmail.com | Y7: MEDIA | Z7: FONASA | AA7: ING CAPITAL | AB7: FALABELLA | AC7: VISTA | AD7: 50250033956 | AE7: 740000 | AF7: 150000 | AG7: 40000
A8: Moreno | B8: Cortés | C8: Verónica | D8: 44562 | E8: =DATEDIF(D8,TODAY(),"Y")&" años, "&DATEDIF(D8,TODAY(),"YM")&" meses y "&DATEDIF(D8,TODAY(),"MD")&" días." -> 4 años, 8 meses y 2 días. | F8: 44562 | G8: Administrativa | H8: 44562 | I8: SI | K8: =DATEDIF(FARMACIA!$D8,$A$1,"Y") -> 4 | L8: =DATEDIF(FARMACIA!$D8,$A$1,"Ym") -> 8 | M8: =DATEDIF(FARMACIA!$D8,$A$1,"md") -> 2 | N8: NO | O8: RUN | P8: 13181825 | Q8: 4 | R8: CHILENA | S8: 28241 | T8: =($A$1-S8)/365 -> 49.389041 | U8: SOLTERA | V8: Juan Ferra 8195 | W8: 958636314 | X8: veronica.moreno.c77@gmail.com | Y8: TECNICO | Z8: FONASA | AA8: CUPRUM | AB8: BCI | AC8: CORRIENTE | AD8: 30213118 | AE8: 900000 | AF8: 150000 | AG8: 125000
A9: Alfaro | B9: Miranda | C9: Tamara | D9: 44597 | E9: =DATEDIF(D9,TODAY(),"Y")&" años, "&DATEDIF(D9,TODAY(),"YM")&" meses y "&DATEDIF(D9,TODAY(),"MD")&" días." -> 4 años, 6 meses y 29 días. | F9: 44686 | G9: Auxiliar Farmacéutico | H9: 44713 | I9: SI | J9: SI | K9: =DATEDIF(FARMACIA!$D9,$A$1,"Y") -> 4 | L9: =DATEDIF(FARMACIA!$D9,$A$1,"Ym") -> 6 | M9: =DATEDIF(FARMACIA!$D9,$A$1,"md") -> 29 | N9: NO | O9: RUN | P9: 18687706 | Q9: 3 | R9: CHILENA | S9: 34251 | T9: =($A$1-S9)/365 -> 32.923288 | U9: SOLTERA | V9: Pasaje El Toldo 1369 | W9: 992982299 | X9: t.alfaromiranda9@hotmail.com | Y9: MEDIA | Z9: FONASA | AA9: ING CAPITAL | AB9: BCI | AC9: VISTA | AD9: 43620922 | AE9: 420000 | AF9: 120000 | AG9: 75000 | AH9: 44866 | AI9: 500000 | AJ9: 150000 | AK9: 73000
A10: Fernández | B10: Galleguillos | C10: Elina | D10: 44682 | E10: =DATEDIF(D10,TODAY(),"Y")&" años, "&DATEDIF(D10,TODAY(),"YM")&" meses y "&DATEDIF(D10,TODAY(),"MD")&" días." -> 4 años, 4 meses y 2 días. | F10: 44682 | G10: Auxiliar Farmacéutico | H10: 44682 | I10: SI | K10: =DATEDIF(FARMACIA!$D10,$A$1,"Y") -> 4 | L10: =DATEDIF(FARMACIA!$D10,$A$1,"Ym") -> 4 | M10: =DATEDIF(FARMACIA!$D10,$A$1,"md") -> 2 | N10: NO | O10: RUN | P10: 10011860 | Q10: 2 | R10: CHILENA | S10: 24115 | T10: =($A$1-S10)/365 -> 60.693151 | U10: SOLTERA | V10: Benito Ocampo 10825. Depto C 13 | W10: 976220375 | X10: eliafernandezgalleguillos@gmail.com | Y10: MEDIA | Z10: FONASA | AA10: PROVIDA | AB10: FALABELLA | AC10: CORRIENTE | AD10: 1-151-007673-0 | AE10: 740000 | AF10: 150000 | AG10: 35000
A11: Mera | B11: Mora | C11: Amalia | D11: 44835 | E11: =DATEDIF(D11,TODAY(),"Y")&" años, "&DATEDIF(D11,TODAY(),"YM")&" meses y "&DATEDIF(D11,TODAY(),"MD")&" días." -> 3 años, 11 meses y 2 días. | F11: 44927 | G11: Bodeguero | H11: 45017 | I11: SI | K11: =DATEDIF(FARMACIA!$D11,$A$1,"Y") -> 3 | L11: =DATEDIF(FARMACIA!$D11,$A$1,"Ym") -> 11 | M11: =DATEDIF(FARMACIA!$D11,$A$1,"md") -> 2 | N11: NO | O11: RUN | P11: 25910853 | Q11: 5 | R11: COLOMBIANA | S11: 34007 | T11: =($A$1-S11)/365 -> 33.591781 | U11: SOLTERA | V11: Adriana Zuanic 9501, casa 12 | W11: 995267137 | X11: amaliameramora@outlook.es | Y11: MEDIA | Z11: FONASA | AA11: PLAN VITAL | AB11: ESTADO | AC11: VISTA | AD11: 25910853 | AE11: 400000 | AF11: 0 | AG11: 45000
A12: Jofré | B12: Díaz | C12: María Patricia | D12: 44866 | E12: =DATEDIF(D12,TODAY(),"Y")&" años, "&DATEDIF(D12,TODAY(),"YM")&" meses y "&DATEDIF(D12,TODAY(),"MD")&" días." -> 3 años, 10 meses y 2 días. | F12: 44958 | G12: Auxiliar Farmacéutico | H12: 45017 | I12: SI | K12: =DATEDIF(FARMACIA!$D12,$A$1,"Y") -> 3 | L12: =DATEDIF(FARMACIA!$D12,$A$1,"Ym") -> 10 | M12: =DATEDIF(FARMACIA!$D12,$A$1,"md") -> 2 | N12: NO | O12: RUN | P12: 11170135 | Q12: 0 | R12: CHILENA | S12: 24584 | T12: =($A$1-S12)/365 -> 59.408219 | U12: CASADA | V12: Ana María Ibazeta 7938 | W12: 999462154 | X12: mariajofre1967@gmail.com | Y12: TECNICO | Z12: FONASA | AA12: ING CAPITAL | AB12: ESTADO | AC12: VISTA | AD12: 11170135 | AE12: 420000 | AF12: 120000 | AG12: 75000 | AH12: 44958 | AI12: 500000 | AJ12: 140000 | AK12: 750000
A13: Krstulovic | B13: Marín | C13: Camila | D13: 44901 | E13: =DATEDIF(D13,TODAY(),"Y")&" años, "&DATEDIF(D13,TODAY(),"YM")&" meses y "&DATEDIF(D13,TODAY(),"MD")&" días." -> 3 años, 8 meses y 28 días. | F13: 44991 | G13: Químico Farmacéutico | H13: 45017 | I13: SI | K13: =DATEDIF(FARMACIA!$D13,$A$1,"Y") -> 3 | L13: =DATEDIF(FARMACIA!$D13,$A$1,"Ym") -> 8 | M13: =DATEDIF(FARMACIA!$D13,$A$1,"md") -> 28 | N13: NO | O13: RUN | P13: 18507025 | Q13: 5 | R13: CHILENA | S13: 34208 | T13: =($A$1-S13)/365 -> 33.041096 | U13: SOLTERA | V13: Del agua 9667, Villa las Palmas | W13: 934207363 | X13: camilakrstulovic@gmail.com | Y13: SUPERIOR | Z13: FONASA | AA13: MODELO | AB13: CHILE | AC13: CORRIENTE | AD13: 00-134-02296-03 | AE13: 1400000 | AF13: 340000 | AG13: 150000
A14: Castillo | B14: Valdez | C14: Magnolia | D14: 45017 | E14: =DATEDIF(D14,TODAY(),"Y")&" años, "&DATEDIF(D14,TODAY(),"YM")&" meses y "&DATEDIF(D14,TODAY(),"MD")&" días." -> 3 años, 5 meses y 2 días. | F14: 45017 | G14: Auxiliar Farmacéutico | H14: 45017 | K14: =DATEDIF(FARMACIA!$D14,$A$1,"Y") -> 3 | L14: =DATEDIF(FARMACIA!$D14,$A$1,"Ym") -> 5 | M14: =DATEDIF(FARMACIA!$D14,$A$1,"md") -> 2 | N14: NO | O14: RUN | P14: 24002416 | Q14: 0 | R14: PERUANA | S14: 29834 | T14: =($A$1-S14)/365 -> 45.024658 | U14: SOLTERA | V14: Guillermo Marconi 1230-C | W14: 972955051 | X14: castillomagnolia720@gmail.com | Y14: TECNICO | Z14: FONASA | AA14: MODELO | AB14: ESTADO | AC14: CORRIENTE | AD14: 2500233021 | AE14: 700000 | AF14: 140000 | AG14: 40000
A15: Tapia | B15: Sandoval | C15: Andrés | D15: 45031 | E15: =DATEDIF(D15,TODAY(),"Y")&" años, "&DATEDIF(D15,TODAY(),"YM")&" meses y "&DATEDIF(D15,TODAY(),"MD")&" días." -> 3 años, 4 meses y 19 días. | F15: 45122 | G15: Bodeguero | H15: 45200 | I15: SI | J15: SI | K15: =DATEDIF(FARMACIA!$D15,$A$1,"Y") -> 3 | L15: =DATEDIF(FARMACIA!$D15,$A$1,"Ym") -> 4 | M15: =DATEDIF(FARMACIA!$D15,$A$1,"md") -> 19 | N15: NO | O15: RUN | P15: 18510228 | Q15: 9 | R15: CHILENA | S15: 34105 | T15: =($A$1-S15)/365 -> 33.323288 | U15: SOLTERO | V15: Llanquihue 3958 | W15: 932783755 | X15: atapia.san@gmail.com | Y15: MEDIA | Z15: FONASA | AA15: MODELO | AB15: ESTADO | AC15: VISTA | AD15: 18510228 | AE15: 450000 | AF15: 0 | AG15: 45000 | AH15: 45078 | AI15: 495000 | AJ15: 0 | AK15: 45000
A16: Araos | B16: Carrasco | C16: Karina Isabel | D16: 45096 | E16: =DATEDIF(D16,TODAY(),"Y")&" años, "&DATEDIF(D16,TODAY(),"YM")&" meses y "&DATEDIF(D16,TODAY(),"MD")&" días." -> 3 años, 2 meses y 15 días. | F16: 45188 | G16: Auxiliar Farmacéutico | H16: 45279 | I16: SI | J16: SI | K16: =DATEDIF(FARMACIA!$D16,$A$1,"Y") -> 3 | L16: =DATEDIF(FARMACIA!$D16,$A$1,"Ym") -> 2 | M16: =DATEDIF(FARMACIA!$D16,$A$1,"md") -> 15 | N16: NO | O16: RUN | P16: 15021347 | Q16: 9 | R16: CHILENA | S16: 29885 | T16: =($A$1-S16)/365 -> 44.884932 | U16: SOLTERA | V16: Juan Ferra 7194 | W16: 975299148 | X16: araoscarrasco@gmail.com | Y16: NIVEL SUPERIOR | Z16: FONASA | AA16: HABITAT | AB16: ESTADO | AC16: VISTA | AD16: 15021347 | AE16: 500000 | AF16: 145000 | AG16: 70000
A17: Matamoros | B17: García | C17: Javiera | D17: 45200 | E17: =DATEDIF(D17,TODAY(),"Y")&" años, "&DATEDIF(D17,TODAY(),"YM")&" meses y "&DATEDIF(D17,TODAY(),"MD")&" días." -> 2 años, 11 meses y 2 días. | F17: 45200 | G17: Auxiliar Farmacéutico | H17: 45200 | K17: =DATEDIF(FARMACIA!$D17,$A$1,"Y") -> 2 | L17: =DATEDIF(FARMACIA!$D17,$A$1,"Ym") -> 11 | M17: =DATEDIF(FARMACIA!$D17,$A$1,"md") -> 2 | N17: NO | O17: RUN | P17: 19444575 | Q17: K | R17: CHILENA | S17: 35353 | T17: =($A$1-S17)/365 -> 29.90411 | U17: SOLTERA | V17: Pasaje El Volcán 9641 | W17: 930731249 | X17: lt-sjaviera@hotmail.com | Y17: TECNICO | Z17: FONASA | AA17: PROVIDA | AB17: ESTADO | AC17: VISTA | AD17: 19444575
A18: Chacalla | B18: Anco | C18: Yaneth | D18: 45243 | E18: =DATEDIF(D18,TODAY(),"Y")&" años, "&DATEDIF(D18,TODAY(),"YM")&" meses y "&DATEDIF(D18,TODAY(),"MD")&" días." -> 2 años, 9 meses y 21 días. | F18: 45335 | G18: Auxiliar Farmacéutico | H18: 45413 | K18: =DATEDIF(FARMACIA!$D18,$A$1,"Y") -> 2 | L18: =DATEDIF(FARMACIA!$D18,$A$1,"Ym") -> 9 | M18: =DATEDIF(FARMACIA!$D18,$A$1,"md") -> 21 | N18: NO | O18: RUN | R18: PERUANA
A19: Condori | B19: Arena | C19: Sonia | D19: 45579 | E19: =DATEDIF(D19,TODAY(),"Y")&" años, "&DATEDIF(D19,TODAY(),"YM")&" meses y "&DATEDIF(D19,TODAY(),"MD")&" días." -> 1 años, 10 meses y 20 días. | F19: 45671 | G19: Auxiliar Farmacéutico | H19: 45748 | K19: =DATEDIF(FARMACIA!$D19,$A$1,"Y") -> 1 | L19: =DATEDIF(FARMACIA!$D19,$A$1,"Ym") -> 10 | M19: =DATEDIF(FARMACIA!$D19,$A$1,"md") -> 20 | N19: NO | O19: RUN | R19: BOLIVIANA
A20: Bravo | B20: Valles | C20: Adriana | D20: 45579 | E20: =DATEDIF(D20,TODAY(),"Y")&" años, "&DATEDIF(D20,TODAY(),"YM")&" meses y "&DATEDIF(D20,TODAY(),"MD")&" días." -> 1 años, 10 meses y 20 días. | G20: Bodeguero | K20: =DATEDIF(FARMACIA!$D20,$A$1,"Y") -> 1 | L20: =DATEDIF(FARMACIA!$D20,$A$1,"Ym") -> 10 | M20: =DATEDIF(FARMACIA!$D20,$A$1,"md") -> 20 | N20: NO | O20: RUN | R20: VENEZOLANA
A21: Huayraña | B21: Espinoza | C21: Estefania | D21: 45597 | E21: =DATEDIF(D21,TODAY(),"Y")&" años, "&DATEDIF(D21,TODAY(),"YM")&" meses y "&DATEDIF(D21,TODAY(),"MD")&" días." -> 1 años, 10 meses y 2 días. | G21: Auxiliar Farmacéutico | K21: =DATEDIF(FARMACIA!$D21,$A$1,"Y") -> 1 | L21: =DATEDIF(FARMACIA!$D21,$A$1,"Ym") -> 10 | M21: =DATEDIF(FARMACIA!$D21,$A$1,"md") -> 2 | N21: NO
A22: Soto | B22: Zapata | C22: Daniela | D22: 45600 | E22: =DATEDIF(D22,TODAY(),"Y")&" años, "&DATEDIF(D22,TODAY(),"YM")&" meses y "&DATEDIF(D22,TODAY(),"MD")&" días." -> 1 años, 9 meses y 30 días. | G22: Auxiliar Farmacéutico | K22: =DATEDIF(FARMACIA!$D22,$A$1,"Y") -> 1 | L22: =DATEDIF(FARMACIA!$D22,$A$1,"Ym") -> 9 | M22: =DATEDIF(FARMACIA!$D22,$A$1,"md") -> 30 | N22: NO
A23: Hidalgo | B23: Hidalgo | C23: Hilda | D23: 45603 | E23: =DATEDIF(D23,TODAY(),"Y")&" años, "&DATEDIF(D23,TODAY(),"YM")&" meses y "&DATEDIF(D23,TODAY(),"MD")&" días." -> 1 años, 9 meses y 27 días. | F23: 45695 | G23: Auxiliar Farmacéutico | H23: 45778 | K23: =DATEDIF(FARMACIA!$D23,$A$1,"Y") -> 1 | L23: =DATEDIF(FARMACIA!$D23,$A$1,"Ym") -> 9 | M23: =DATEDIF(FARMACIA!$D23,$A$1,"md") -> 27 | N23: NO
A24: Gamero | B24: Hernández | C24: Alder | D24: 45809 | E24: =DATEDIF(D24,TODAY(),"Y")&" años, "&DATEDIF(D24,TODAY(),"YM")&" meses y "&DATEDIF(D24,TODAY(),"MD")&" días." -> 1 años, 3 meses y 2 días. | F24: 45809 | G24: Auxiliar Farmacéutico | H24: 45809 | K24: =DATEDIF(FARMACIA!$D24,$A$1,"Y") -> 1 | L24: =DATEDIF(FARMACIA!$D24,$A$1,"Ym") -> 3 | M24: =DATEDIF(FARMACIA!$D24,$A$1,"md") -> 2 | N24: NO | R24: COLOMBIANA | S24: 29492 | T24: =($A$1-S24)/365 -> 45.961644
A25: Ochochoque | B25: Fernández | C25: Cinthya | D25: 45962 | E25: =DATEDIF(D25,TODAY(),"Y")&" años, "&DATEDIF(D25,TODAY(),"YM")&" meses y "&DATEDIF(D25,TODAY(),"MD")&" días." -> 0 años, 10 meses y 2 días. | F25: 46054 | G25: Bodeguero | H25: 46143 | K25: =DATEDIF(FARMACIA!$D25,$A$1,"Y") -> 0 | L25: =DATEDIF(FARMACIA!$D25,$A$1,"Ym") -> 10 | M25: =DATEDIF(FARMACIA!$D25,$A$1,"md") -> 2 | N25: NO
A26: Ayala | B26: Arauz | C26: María Eugenia | D26: 46027 | E26: =DATEDIF(D26,TODAY(),"Y")&" años, "&DATEDIF(D26,TODAY(),"YM")&" meses y "&DATEDIF(D26,TODAY(),"MD")&" días." -> 0 años, 7 meses y 29 días. | F26: 46117 | G26: Auxiliar Farmacéutico | H26: 46204 | K26: =DATEDIF(FARMACIA!$D26,$A$1,"Y") -> 0 | L26: =DATEDIF(FARMACIA!$D26,$A$1,"Ym") -> 7 | M26: =DATEDIF(FARMACIA!$D26,$A$1,"md") -> 29
A27: Ardiles | B27: Ramírez | C27: Estephanie | D27: 46062 | E27: =DATEDIF(D27,TODAY(),"Y")&" años, "&DATEDIF(D27,TODAY(),"YM")&" meses y "&DATEDIF(D27,TODAY(),"MD")&" días." -> 0 años, 6 meses y 25 días. | F27: 46151 | G27: Auxiliar Farmacéutico | H27: 46235 | K27: =DATEDIF(FARMACIA!$D27,$A$1,"Y") -> 0 | L27: =DATEDIF(FARMACIA!$D27,$A$1,"Ym") -> 6 | M27: =DATEDIF(FARMACIA!$D27,$A$1,"md") -> 25
A28: León | B28: Bustamante | C28: Cristobal Matías | D28: 46145 | E28: =DATEDIF(D28,TODAY(),"Y")&" años, "&DATEDIF(D28,TODAY(),"YM")&" meses y "&DATEDIF(D28,TODAY(),"MD")&" días." -> 0 años, 4 meses y 0 días. | F28: 46237 | G28: Auxiliar de Servicios | K28: =DATEDIF(FARMACIA!$D28,$A$1,"Y") -> 0 | L28: =DATEDIF(FARMACIA!$D28,$A$1,"Ym") -> 4 | M28: =DATEDIF(FARMACIA!$D28,$A$1,"md") -> 0
E29: =DATEDIF(D29,TODAY(),"Y")&" años, "&DATEDIF(D29,TODAY(),"YM")&" meses y "&DATEDIF(D29,TODAY(),"MD")&" días." -> 126 años, 8 meses y 3 días. | K29: =DATEDIF(FARMACIA!$D29,$A$1,"Y") -> 126 | L29: =DATEDIF(FARMACIA!$D29,$A$1,"Ym") -> 8 | M29: =DATEDIF(FARMACIA!$D29,$A$1,"md") -> 3
E30: =DATEDIF(D30,TODAY(),"Y")&" años, "&DATEDIF(D30,TODAY(),"YM")&" meses y "&DATEDIF(D30,TODAY(),"MD")&" días." -> 126 años, 8 meses y 3 días. | K30: =DATEDIF(FARMACIA!$D30,$A$1,"Y") -> 126 | L30: =DATEDIF(FARMACIA!$D30,$A$1,"Ym") -> 8 | M30: =DATEDIF(FARMACIA!$D30,$A$1,"md") -> 3
E31: =DATEDIF(D31,TODAY(),"Y")&" años, "&DATEDIF(D31,TODAY(),"YM")&" meses y "&DATEDIF(D31,TODAY(),"MD")&" días." -> 126 años, 8 meses y 3 días. | K31: =DATEDIF(FARMACIA!$D31,$A$1,"Y") -> 126 | L31: =DATEDIF(FARMACIA!$D31,$A$1,"Ym") -> 8 | M31: =DATEDIF(FARMACIA!$D31,$A$1,"md") -> 3 | N31: NO

Sheet Vacaciones
A1: =TODAY() -> 46268
A2: APELLIDO 1 | B2: APELLIDO 2 | C2: NOMBRES | D2: FECHA CONTRATO | E2: ANTIGÜEDAD | F2: Inicio Vacaciones | G2: 2020 | H2: 2021 | I2: 2022 | J2: 2023 | K2: 2024 | L2: 2025 | M2: 2026 | N2: 2027
A3: Román | B3: Díaz | C3: Yennifer | D3: 42270 | E3: =DATEDIF(D3,TODAY(),"Y")&" años, "&DATEDIF(D3,TODAY(),"YM")&" meses y "&DATEDIF(D3,TODAY(),"MD")&" días." -> 10 años, 11 meses y 11 días. | G3: 15 | H3: 15 | I3: 15 | J3: 20 | K3: 31 | L3: 11
A4: Chiquito | B4: Osorio | C4: Ludivia | D4: 43191 | E4: =DATEDIF(D4,TODAY(),"Y")&" años, "&DATEDIF(D4,TODAY(),"YM")&" meses y "&DATEDIF(D4,TODAY(),"MD")&" días." -> 8 años, 5 meses y 2 días. | G4: 15 | H4: 15 | I4: 15 | J4: 15 | K4: 15
A5: Castro | B5: Martinez | C5: Paulina | D5: 44136 | E5: =DATEDIF(D5,TODAY(),"Y")&" años, "&DATEDIF(D5,TODAY(),"YM")&" meses y "&DATEDIF(D5,TODAY(),"MD")&" días." -> 5 años, 10 meses y 2 días. | G5: 15 | H5: 15 | I5: 15 | J5: 15 | K5: 15
A6: Moreno | B6: Cortés | C6: Verónica | D6: 44562 | E6: =DATEDIF(D6,TODAY(),"Y")&" años, "&DATEDIF(D6,TODAY(),"YM")&" meses y "&DATEDIF(D6,TODAY(),"MD")&" días." -> 4 años, 8 meses y 2 días. | L6: 11
A7: Alfaro | B7: Miranda | C7: Tamara | D7: 44597 | E7: =DATEDIF(D7,TODAY(),"Y")&" años, "&DATEDIF(D7,TODAY(),"YM")&" meses y "&DATEDIF(D7,TODAY(),"MD")&" días." -> 4 años, 6 meses y 29 días. | J7: 16 | K7: 21 | L7: 17
A8: Fernández | B8: Galleguillos | C8: Elina | D8: 44682 | E8: =DATEDIF(D8,TODAY(),"Y")&" años, "&DATEDIF(D8,TODAY(),"YM")&" meses y "&DATEDIF(D8,TODAY(),"MD")&" días." -> 4 años, 4 meses y 2 días. | J8: 2 | L8: 17
A9: Mera | B9: Mora | C9: Amalia | D9: 44835 | E9: =DATEDIF(D9,TODAY(),"Y")&" años, "&DATEDIF(D9,TODAY(),"YM")&" meses y "&DATEDIF(D9,TODAY(),"MD")&" días." -> 3 años, 11 meses y 2 días. | J9: 0 | K9: 15 | L9: 17 | M9: 16
A10: Jofré | B10: Díaz | C10: María Patricia | D10: 44866 | E10: =DATEDIF(D10,TODAY(),"Y")&" años, "&DATEDIF(D10,TODAY(),"YM")&" meses y "&DATEDIF(D10,TODAY(),"MD")&" días." -> 3 años, 10 meses y 2 días. | J10: 9 | K10: 6 | L10: 15
A11: Krstulovic | B11: Marín | C11: Camila | D11: 44901 | E11: =DATEDIF(D11,TODAY(),"Y")&" años, "&DATEDIF(D11,TODAY(),"YM")&" meses y "&DATEDIF(D11,TODAY(),"MD")&" días." -> 3 años, 8 meses y 28 días. | J11: 11 | K11: 4 | L11: 17
A12: Castillo | B12: Valdez | C12: Magnolia | D12: 45017 | E12: =DATEDIF(D12,TODAY(),"Y")&" años, "&DATEDIF(D12,TODAY(),"YM")&" meses y "&DATEDIF(D12,TODAY(),"MD")&" días." -> 3 años, 5 meses y 2 días. | K12: 12
A13: Jiménez | B13: Liquitay | C13: Jael | D13: 45017 | E13: =DATEDIF(D13,TODAY(),"Y")&" años, "&DATEDIF(D13,TODAY(),"YM")&" meses y "&DATEDIF(D13,TODAY(),"MD")&" días." -> 3 años, 5 meses y 2 días.
A14: Tapia | B14: Sandoval | C14: Andrés | D14: 45031 | E14: =DATEDIF(D14,TODAY(),"Y")&" años, "&DATEDIF(D14,TODAY(),"YM")&" meses y "&DATEDIF(D14,TODAY(),"MD")&" días." -> 3 años, 4 meses y 19 días.
A15: Araos | B15: Carrasco | C15: Karina Isabel | D15: 45096 | E15: =DATEDIF(D15,TODAY(),"Y")&" años, "&DATEDIF(D15,TODAY(),"YM")&" meses y "&DATEDIF(D15,TODAY(),"MD")&" días." -> 3 años, 2 meses y 15 días.
A16: Matamoros | B16: García | C16: Javiera | D16: 45200 | E16: =DATEDIF(D16,TODAY(),"Y")&" años, "&DATEDIF(D16,TODAY(),"YM")&" meses y "&DATEDIF(D16,TODAY(),"MD")&" días." -> 2 años, 11 meses y 2 días. | K16: 7
A17: Chacalla | B17: Anco | C17: Yaneth | D17: 45243 | E17: =DATEDIF(D17,TODAY(),"Y")&" años, "&DATEDIF(D17,TODAY(),"YM")&" meses y "&DATEDIF(D17,TODAY(),"MD")&" días." -> 2 años, 9 meses y 21 días. | L17: 16
A18: Condori | B18: Arena | C18: Sonia | D18: 45579 | E18: =DATEDIF(D18,TODAY(),"Y")&" años, "&DATEDIF(D18,TODAY(),"YM")&" meses y "&DATEDIF(D18,TODAY(),"MD")&" días." -> 1 años, 10 meses y 20 días.
A19: Bravo | B19: Valles | C19: Adriana | D19: 45579 | E19: =DATEDIF(D19,TODAY(),"Y")&" años, "&DATEDIF(D19,TODAY(),"YM")&" meses y "&DATEDIF(D19,TODAY(),"MD")&" días." -> 1 años, 10 meses y 20 días.
A20: Huayraña | B20: Espinoza | C20: Estefania | D20: 45597 | E20: =DATEDIF(D20,TODAY(),"Y")&" años, "&DATEDIF(D20,TODAY(),"YM")&" meses y "&DATEDIF(D20,TODAY(),"MD")&" días." -> 1 años, 10 meses y 2 días.
A21: Soto | B21: Zapata | C21: Daniela | D21: 45600 | E21: =DATEDIF(D21,TODAY(),"Y")&" años, "&DATEDIF(D21,TODAY(),"YM")&" meses y "&DATEDIF(D21,TODAY(),"MD")&" días." -> 1 años, 9 meses y 30 días.
A22: Hidalgo | B22: Hidalgo | C22: Hilda | D22: 45603 | E22: =DATEDIF(D22,TODAY(),"Y")&" años, "&DATEDIF(D22,TODAY(),"YM")&" meses y "&DATEDIF(D22,TODAY(),"MD")&" días." -> 1 años, 9 meses y 27 días.
A23: Maldonado | B23: Farias | C23: Lorenzo | D23: 45726 | E23: =DATEDIF(D23,TODAY(),"Y")&" años, "&DATEDIF(D23,TODAY(),"YM")&" meses y "&DATEDIF(D23,TODAY(),"MD")&" días." -> 1 años, 5 meses y 24 días.
A24: Rodríguez | B24: Aravena | C24: Rubén | D24: 45748 | E24: =DATEDIF(D24,TODAY(),"Y")&" años, "&DATEDIF(D24,TODAY(),"YM")&" meses y "&DATEDIF(D24,TODAY(),"MD")&" días." -> 1 años, 5 meses y 2 días.
A25: Gamero | B25: Hernández | C25: Alder | D25: 45809 | E25: =DATEDIF(D25,TODAY(),"Y")&" años, "&DATEDIF(D25,TODAY(),"YM")&" meses y "&DATEDIF(D25,TODAY(),"MD")&" días." -> 1 años, 3 meses y 2 días. | K25: 11 | L25: 10
A26: Márquez | B26: Campillay | C26: Camilo | D26: 45839 | E26: =DATEDIF(D26,TODAY(),"Y")&" años, "&DATEDIF(D26,TODAY(),"YM")&" meses y "&DATEDIF(D26,TODAY(),"MD")&" días." -> 1 años, 2 meses y 2 días.
A27: Peña | B27: Vilches | C27: Deyna | D27: 45887 | E27: =DATEDIF(D27,TODAY(),"Y")&" años, "&DATEDIF(D27,TODAY(),"YM")&" meses y "&DATEDIF(D27,TODAY(),"MD")&" días." -> 1 años, 0 meses y 16 días.
A28: Ochochoque | B28: Fernández | C28: Cinthya | D28: 45962 | E28: =DATEDIF(D28,TODAY(),"Y")&" años, "&DATEDIF(D28,TODAY(),"YM")&" meses y "&DATEDIF(D28,TODAY(),"MD")&" días." -> 0 años, 10 meses y 2 días.
E29: =DATEDIF(D29,TODAY(),"Y")&" años, "&DATEDIF(D29,TODAY(),"YM")&" meses y "&DATEDIF(D29,TODAY(),"MD")&" días." -> 126 años, 8 meses y 3 días.
A30: Pacheco | C30: Breiner | E30: =DATEDIF(D30,TODAY(),"Y")&" años, "&DATEDIF(D30,TODAY(),"YM")&" meses y "&DATEDIF(D30,TODAY(),"MD")&" días." -> 126 años, 8 meses y 3 días. | L30: 15

Sheet PART TIME
A1: =TODAY() -> 46268
A3: APELLIDO 1 | B3: APELLIDO 2 | C3: NOMBRES | D3: FECHA INICIO | E3: ANTIGÜEDAD | F3: DOCUMENTO | G3: NUMERO | H3: DIGITO | I3: NACIONALIDAD | J3: FECHA NACIMIENTO | K3: EDAD | L3: ESTADO CIVIL | M3: CELULAR | N3: NIVEL EDUCACIONAL | O3: REGIMEN SALUD | P3: REGIMEN PREVISIONAL | Q3: BANCO | R3: TIPO CUENTA | S3: NUMERO2 | U3: DIRECCION | V3: GENERO | W3: CARGO
A4: Ñaña | C4: Percy | D4: 44927 | E4: =($A$1-D4)/365 -> 3.6739726 | K4: =($A$1-J4)/365 -> 126.76164
A5: Valdivia | C5: Paulina | D5: 44928 | E5: =($A$1-D5)/365 -> 3.6712329 | K5: =($A$1-J5)/365 -> 126.76164
A6: Guarache | C6: Verónica | D6: 44929 | E6: =($A$1-D6)/365 -> 3.6684932 | K6: =($A$1-J6)/365 -> 126.76164
A7: Julio | C7: Bastián | D7: 44930 | E7: =($A$1-D7)/365 -> 3.6657534 | K7: =($A$1-J7)/365 -> 126.76164
A8: Sánchez | C8: Gina | D8: 44931 | E8: =($A$1-D8)/365 -> 3.6630137 | K8: =($A$1-J8)/365 -> 126.76164
A9: Díaz | C9: Javiera | D9: 44933 | E9: =($A$1-D9)/365 -> 3.6575342 | K9: =($A$1-J9)/365 -> 126.76164
A10: Justiniano | C10: Mario | D10: 44934 | E10: =($A$1-D10)/365 -> 3.6547945 | K10: =($A$1-J10)/365 -> 126.76164
A11: González | C11: Camilo | E11: =($A$1-D11)/365 -> 126.76164 | K11: =($A$1-J11)/365 -> 126.76164
A12: Sánchez | C12: Adriana | E12: =($A$1-D12)/365 -> 126.76164 | K12: =($A$1-J12)/365 -> 126.76164
A13: Purrán | C13: Scarlet | E13: =($A$1-D13)/365 -> 126.76164 | K13: =($A$1-J13)/365 -> 126.76164
A14: García | B14: Hernández | C14: Yuleidis | D14: 45261 | E14: =($A$1-D14)/365 -> 2.7589041 | K14: =($A$1-J14)/365 -> 126.76164

Sheet EX FUNCIONARIOS
A1: =TODAY() -> 46268 | G1: FIRMADO
A3: APELLIDO 1 | B3: APELLIDO 2 | C3: NOMBRES | D3: FECHA CONTRATO | E3: ACTIVO | F3: FECHA | G3: REP. LEGAL | H3: TRABAJADOR | I3: ANTIGÜEDAD | J3: ENTREGA RIOHS | K3: DOCUMENTO | L3: NUMERO | M3: DIGITO | N3: NACIONALIDAD | O3: FECHA NACIMIENTO | P3: EDAD | Q3: ESTADO CIVIL | R3: CELULAR | S3: NIVEL EDUCACIONAL | T3: REGIMEN SALUD | U3: REGIMEN PREVISIONAL | V3: BANCO | W3: TIPO CUENTA | X3: NUMERO2 | Z3: DIRECCION | AA3: GENERO | AB3: CARGO
A4: Davila | B4: Bigorra | C4: Javier | D4: 43525 | E4: NO | I4: =($A$1-D4)/365 -> 7.5150685 | K4: Run | L4: 19308116 | M4: 9 | N4: CHILENA | O4: 15/04/1996 | P4: =($A$1-O4)/365 -> 30.405479 | Z4: Av Oviedo Cavada 3996 | AA4: M | AB4: Vendedor
A5: Rojo | B5: Cruz | C5: Waleska | D5: 43770 | E5: NO | I5: =($A$1-D5)/365 -> 6.8438356 | K5: Run | L5: 16869132 | M5: 7 | N5: CHILENA | O5: 20/05/1988 | P5: =($A$1-O5)/365 -> 38.315068 | Z5: Los Exploradores #14136 casa 105 | AA5: F | AB5: Químico Farmacéutico
A6: Contreras | B6: Oliveros | C6: Eduardo | D6: 43812 | E6: NO | G6: NO | H6: SI | I6: =($A$1-D6)/365 -> 6.7287671 | J6: SI | K6: Run | L6: 12614004 | M6: 5 | N6: CHILENA | O6: 08/02/1974 | P6: =($A$1-O6)/365 -> 52.60274 | Q6: CASADO | R6: 934055269 | S6: MEDIA | T6: FONASA | U6: PROVIDA | V6: ESTADO | W6: VISTA | X6: 12614004 | Z6: Pasaje Ramadita 1529 Pob Rene Schennider | AA6: M | AB6: Auxiliar Farmacéutico
A7: Correa | B7: Bravo | C7: Nicolas | D7: 43891 | E7: NO | I7: =($A$1-D7)/365 -> 6.5123288 | K7: Run | L7: 17181438 | M7: 3 | N7: CHILENA | O7: 11/05/1989 | P7: =($A$1-O7)/365 -> 37.339726 | Z7: Carlos Condell 2026 Dpto: 1902B | AA7: M | AB7: Auxiliar Farmacéutico
A8: Valenzuela | B8: Rojas | C8: Jessica | D8: 43952 | E8: NO | G8: SI | H8: SI | I8: =($A$1-D8)/365 -> 6.3452055 | J8: SI | K8: Run | L8: 11614821 | M8: 8 | N8: CHILENA | O8: 08/03/1970 | P8: =($A$1-O8)/365 -> 56.528767 | Q8: CASADA | R8: 952088069 | S8: MEDIA | T8: FONASA | U8: ING CAPITAL | V8: ESTADO | W8: VISTA | X8: 11614821 | Z8: Pasaje Ramadita 1529 Pob Rene Schennider | AA8: F | AB8: Auxiliar Farmacéutico
A9: Arevalo | B9: Salamanca | C9: Ricardo Fabian | D9: 44044 | E9: NO | G9: SI | H9: SI | I9: =($A$1-D9)/365 -> 6.0931507 | J9: NO | K9: Run | L9: 18506577 | M9: 4 | N9: CHILENA | O9: 18/07/1993 | P9: =($A$1-O9)/365 -> 33.150685 | Q9: SOLTERO | R9: 979669468 | S9: MEDIA | T9: FONASA | U9: MODELO | V9: ESTADO | W9: VISTA | X9: 18506577 | Z9: Heroes de la Concepción 9662 | AA9: M | AB9: Auxiliar Farmacéutico
A10: Arcos | B10: Toro | C10: Jeison David | D10: 44148 | E10: NO | I10: =($A$1-D10)/365 -> 5.8082192 | K10: Pasaporte/DNI | L10: AU096554 | N10: COLOMBIANA | O10: 22/02/1999 | P10: =($A$1-O10)/365 -> 27.547945 | Z10: Villa el Sol, casa 21 | AA10: M | AB10: Bodeguero
A11: Villaroel | B11: Cavieres | C11: Jaime Ignacio | D11: 44166 | E11: NO | I11: =($A$1-D11)/365 -> 5.7589041 | K11: Run | L11: 19178056 | M11: 6 | N11: CHILENA | O11: 31/08/1995 | P11: =($A$1-O11)/365 -> 31.030137 | Z11: Eleuterio Ramirez 423 | AA11: M | AB11: Encargado de compras
A12: Tapia | B12: Hidalgo | C12: Matías Ignacio | I12: =($A$1-D12)/365 -> 126.76164 | K12: Run | L12: 19444183 | M12: 5 | N12: CHILENA | O12: 20/08/1996 | P12: =($A$1-O12)/365 -> 30.057534 | Z12: Pampa Unión 9097 | AA12: M | AB12: Encargado de compras
A13: Hermosilla | B13: Díaz | C13: Karen | Q13: =($A$1-P13)/365 -> 126.76164
A14: Egas | B14: Espinosa | C14: Edicson Andres | D14: 43722 | E14: 43722 | F14: Auxiliar Farmacéutico | G14: 43722 | H14: SI | I14: SI | J14: 5 | K14: 7 | L14: 12 | M14: SI | N14: Run | O14: 33149369 | P14: 4 | Q14: COLOMBIANA | R14: 28885 | S14: 46.268493 | T14: CASADO | U14: Arturo Perez Canto 906 | V14: 967515343 | W14: anegas3079@gmail.com | X14: TECNICO | Y14: FONASA | Z14: MODELO | AD14: 650000 | AE14: 120000 | AF14: 75000
A15: Monzoncillo | B15: Soto | C15: Marta Andrea | D15: 44075 | E15: 44166 | F15: Auxiliar Farmacéutico | G15: 44228 | H15: SI | I15: SI | J15: 4 | K15: 7 | L15: 25 | N15: Run | O15: 16435655 | P15: 8 | Q15: CHILENA | R15: 26-03-1985 | S15: 40.112329 | T15: SOLTERA | U15: Mamiña 1240 | V15: 952183051 | W15: marta.monzoncillo.soto@gmail.com | X15: TECNICO | Y15: BANMEDICA | Z15: HABITAT | AA15: FALABELLA | AB15: CORRIENTE | AC15: 1025008264-9 | AD15: 600000 | AE15: 100000
A16: Beltrán | B16: Vera | C16: Claudia | D16: 44896 | E16: 44986 | F16: Auxiliar Farmacéutico | G16: 45078 | H16: SI | I16: SI | J16: 2 | K16: 4 | L16: 25 | M16: NO | N16: RUN | O16: 18791101 | P16: K | Q16: CHILENA | R16: 34484 | S16: 30.928767 | T16: SOLTERA | U16: El Roble 6649 | V16: 964646352 | W16: claudia-b.v@hotmail.com | X16: TECNICO | Y16: FONASA | Z16: PROVIDA | AA16: BCI | AB16: VISTA | AC16: 69768544 | AD16: 420000 | AE16: 120000 | AF16: 75000 | AG16: 44986 | AH16: 500000 | AI16: 138000 | AJ16: 75000
A17: Orellana | B17: Guarache | C17: Manuel | D17: 44958 | E17: 45047 | F17: Auxiliar Farmacéutico | G17: 45139 | H17: SI | J17: 2 | K17: 2 | L17: 25 | M17: NO | O17: 17734691 | P17: 8 | Q17: CHILENA | R17: 33200 | S17: 34.446575 | T17: CASADO | U17: La Concepción 1695 B | V17: 937576900 | W17: orellanamanuel58@gmail.com | X17: TECNICO | Y17: FONASA | Z17: PROVIDA | AA17: BCI | AB17: VISTA | AC17: 93233060 | AD17: 650000 | AE17: 132000 | AF17: 40000
A18: Ocampo | B18: Londoño | C18: Jhon | D18: 45028 | E18: 45119 | F18: Auxiliar Farmacéutico | G18: 45200 | J18: 2 | K18: 0 | L18: 14 | M18: NO | O18: 25086154 | P18: 0 | Q18: COLOMBIANA | R18: 26623 | S18: 52.465753 | T18: SOLTERO | U18: Baquedano 1391 | V18: 926387697 | W18: fredyocampo0611@gmail.com | X18: TECNICO | Y18: FONASA | Z18: PLAN VITAL
A19: Guzmán | B19: Mora | C19: Nataly | D19: 45031 | E19: 45122 | F19: Auxiliar Farmacéutico | G19: 45200 | J19: 2 | K19: 0 | L19: 11 | M19: NO | O19: 16627499 | P19: 0 | Q19: CHILENA | R19: 32099 | S19: 37.463014 | T19: SOLTERA | U19: Nicolás Tirado 20, Depto. 508 | V19: 998964919 | W19: andrea.natg@gmail.com | X19: TECNICO | Y19: FONASA | Z19: HABITAT | AA19: ESTADO | AB19: VISTA | AC19: 16627499 | AD19: 500000 | AE19: 0 | AF19: 45000 | AG19: 45139 | AH19: 500000 | AI19: 150000 | AJ19: 68000
A20: Egas | B20: Espinosa | C20: Edicson Andres | D20: 43722 | E20: 43722 | F20: Auxiliar Farmacéutico | G20: 43722 | H20: SI | I20: SI | J20: =DATEDIF(FARMACIA!$D18,$A$1,"Y") -> 2 | K20: =DATEDIF(FARMACIA!$D18,$A$1,"Ym") -> 9 | L20: =DATEDIF(FARMACIA!$D18,$A$1,"md") -> 21 | M20: SI | N20: Run | O20: 33149369 | P20: 4 | Q20: COLOMBIANA | R20: 28885 | S20: =($A$1-R20)/365 -> 47.624658 | T20: CASADO | U20: Arturo Perez Canto 906 | V20: 967515343 | W20: anegas3079@gmail.com | X20: TECNICO | Y20: FONASA | Z20: MODELO | AD20: 650000 | AE20: 120000 | AF20: 75000
A21: Figueroa | B21: Matamoros | C21: Vianka | D21: 43899 | E21: 43991 | F21: Químico Farmacéutico | G21: 44013 | H21: SI | I21: SI | J21: =DATEDIF(FARMACIA!$D19,$A$1,"Y") -> 1 | K21: =DATEDIF(FARMACIA!$D19,$A$1,"Ym") -> 10 | L21: =DATEDIF(FARMACIA!$D19,$A$1,"md") -> 20 | N21: Run | O21: 16705655 | P21: 5 | Q21: CHILENA | R21: 32181 | S21: =($A$1-R21)/365 -> 38.594521 | T21: SOLTERA | U21: Oficina Normandía 152 | V21: 954774405 | W21: vianka.figueroa.matamoros@gmail.com | X21: SUPERIOR | Y21: CRUZ BLANCA | Z21: PROVIDA | AA21: SANTANDER | AD21: 1125000 | AE21: 129000 | AF21: 150000 | AG21: 44440 | AH21: 1370000 | AI21: 130000 | AJ21: 150000
A22: Monzoncillo | B22: Soto | C22: Marta Andrea | D22: 44075 | E22: 44166 | F22: Auxiliar Farmacéutico | G22: 44228 | H22: SI | I22: SI | J22: =DATEDIF(FARMACIA!$D20,$A$1,"Y") -> 1 | K22: =DATEDIF(FARMACIA!$D20,$A$1,"Ym") -> 10 | L22: =DATEDIF(FARMACIA!$D20,$A$1,"md") -> 20 | N22: Run | O22: 16435655 | P22: 8 | Q22: CHILENA | R22: 26-03-1985 | S22: =($A$1-R22)/365 -> 41.468493 | T22: SOLTERA | U22: Mamiña 1240 | V22: 952183051 | W22: marta.monzoncillo.soto@gmail.com | X22: TECNICO | Y22: BANMEDICA | Z22: HABITAT | AA22: FALABELLA | AB22: CORRIENTE | AC22: 1025008264-9 | AD22: 600000 | AE22: 100000
A23: Beltrán | B23: Vera | C23: Claudia | D23: 44896 | E23: 44986 | F23: Auxiliar Farmacéutico | G23: 45078 | H23: SI | I23: SI | J23: =DATEDIF(FARMACIA!$D21,$A$1,"Y") -> 1 | K23: =DATEDIF(FARMACIA!$D21,$A$1,"Ym") -> 10 | L23: =DATEDIF(FARMACIA!$D21,$A$1,"md") -> 2 | M23: NO | N23: RUN | O23: 18791101 | P23: K | Q23: CHILENA | R23: 34484 | S23: =($A$1-R23)/365 -> 32.284932 | T23: SOLTERA | U23: El Roble 6649 | V23: 964646352 | W23: claudia-b.v@hotmail.com | X23: TECNICO | Y23: FONASA | Z23: PROVIDA | AA23: BCI | AB23: VISTA | AC23: 69768544 | AD23: 420000 | AE23: 120000 | AF23: 75000 | AG23: 44986 | AH23: 500000 | AI23: 138000 | AJ23: 75000
A24: Orellana | B24: Guarache | C24: Manuel | D24: 44958 | E24: 45047 | F24: Auxiliar Farmacéutico | G24: 45139 | H24: SI | J24: =DATEDIF(FARMACIA!$D22,$A$1,"Y") -> 1 | K24: =DATEDIF(FARMACIA!$D22,$A$1,"Ym") -> 9 | L24: =DATEDIF(FARMACIA!$D22,$A$1,"md") -> 30 | M24: NO | O24: 17734691 | P24: 8 | Q24: CHILENA | R24: 33200 | S24: =($A$1-R24)/365 -> 35.80274 | T24: CASADO | U24: La Concepción 1695 B | V24: 937576900 | W24: orellanamanuel58@gmail.com | X24: TECNICO | Y24: FONASA | Z24: PROVIDA | AA24: BCI | AB24: VISTA | AC24: 93233060 | AD24: 650000 | AE24: 132000 | AF24: 40000
A25: Ocampo | B25: Londoño | C25: Jhon | D25: 45028 | E25: 45119 | F25: Auxiliar Farmacéutico | G25: 45200 | J25: =DATEDIF(FARMACIA!$D23,$A$1,"Y") -> 1 | K25: =DATEDIF(FARMACIA!$D23,$A$1,"Ym") -> 9 | L25: =DATEDIF(FARMACIA!$D23,$A$1,"md") -> 27 | M25: NO | O25: 25086154 | P25: 0 | Q25: COLOMBIANA | R25: 26623 | S25: =($A$1-R25)/365 -> 53.821918 | T25: SOLTERO | U25: Baquedano 1391 | V25: 926387697 | W25: fredyocampo0611@gmail.com | X25: TECNICO | Y25: FONASA | Z25: PLAN VITAL
A26: Guzmán | B26: Mora | C26: Nataly | D26: 45031 | E26: 45122 | F26: Auxiliar Farmacéutico | G26: 45200 | J26: =DATEDIF(FARMACIA!#REF!,$A$1,"Y") -> #REF! | K26: =DATEDIF(FARMACIA!#REF!,$A$1,"Ym") -> #REF! | L26: =DATEDIF(FARMACIA!#REF!,$A$1,"md") -> #REF! | M26: NO | O26: 16627499 | P26: 0 | Q26: CHILENA | R26: 32099 | S26: =($A$1-R26)/365 -> 38.819178 | T26: SOLTERA | U26: Nicolás Tirado 20, Depto. 508 | V26: 998964919 | W26: andrea.natg@gmail.com | X26: TECNICO | Y26: FONASA | Z26: HABITAT | AA26: ESTADO | AB26: VISTA | AC26: 16627499 | AD26: 500000 | AE26: 0 | AF26: 45000 | AG26: 45139 | AH26: 500000 | AI26: 150000 | AJ26: 68000
A27: García | B27: Hernández | C27: Yuleidis | J27: =DATEDIF(FARMACIA!#REF!,$A$1,"Y") -> #REF! | K27: =DATEDIF(FARMACIA!#REF!,$A$1,"Ym") -> #REF! | L27: =DATEDIF(FARMACIA!#REF!,$A$1,"md") -> #REF!
A28: Fandiño | B28: Jiménez | C28: Mariana | D28: 45748
A29: Jiménez | B29: Liquitay | C29: Jael | D29: 45017 | E29: =DATEDIF(D29,TODAY(),"Y")&" años, "&DATEDIF(D29,TODAY(),"YM")&" meses y "&DATEDIF(D29,TODAY(),"MD")&" días." -> 3 años, 5 meses y 2 días. | F29: 45108 | G29: Químico Farmacéutico | H29: 45200 | I29: SI | K29: =DATEDIF(FARMACIA!#REF!,$A$1,"Y") -> #REF! | L29: =DATEDIF(FARMACIA!#REF!,$A$1,"Ym") -> #REF! | M29: =DATEDIF(FARMACIA!#REF!,$A$1,"md") -> #REF! | N29: NO | O29: RUN | P29: 19691648 | Q29: 2 | R29: CHILENA | S29: 35644 | T29: =($A$1-S29)/365 -> 29.106849 | U29: SOLTERA | V29: Luis Cruz Martínez 7482 | W29: 991486650 | X29: jaeljimenez97@gmail.com | Y29: SUPERIOR | Z29: FONASA | AA29: MODELO | AB29: FALABELLA | AC29: CORRIENTE | AD29: 15841157390 | AE29: 1400000 | AF29: 340000 | AG29: 130000
A30: Maldonado | B30: Farias | C30: Lorenzo | D30: 45726 | E30: =DATEDIF(D30,TODAY(),"Y")&" años, "&DATEDIF(D30,TODAY(),"YM")&" meses y "&DATEDIF(D30,TODAY(),"MD")&" días." -> 1 años, 5 meses y 24 días. | G30: Químico Farmacéutico | K30: =DATEDIF(FARMACIA!$D31,$A$1,"Y") -> 126 | L30: =DATEDIF(FARMACIA!$D31,$A$1,"Ym") -> 8 | M30: =DATEDIF(FARMACIA!$D31,$A$1,"md") -> 3 | N30: NO
A31: Rodríguez | B31: Aravena | C31: Rubén | D31: 45748 | E31: =DATEDIF(D31,TODAY(),"Y")&" años, "&DATEDIF(D31,TODAY(),"YM")&" meses y "&DATEDIF(D31,TODAY(),"MD")&" días." -> 1 años, 5 meses y 2 días. | G31: Administrativo | K31: =DATEDIF(FARMACIA!#REF!,$A$1,"Y") -> #REF! | L31: =DATEDIF(FARMACIA!#REF!,$A$1,"Ym") -> #REF! | M31: =DATEDIF(FARMACIA!#REF!,$A$1,"md") -> #REF! | N31: NO
A32: Márquez | B32: Campillay | C32: Camilo | D32: 45839 | E32: =DATEDIF(D32,TODAY(),"Y")&" años, "&DATEDIF(D32,TODAY(),"YM")&" meses y "&DATEDIF(D32,TODAY(),"MD")&" días." -> 1 años, 2 meses y 2 días. | F32: 45931 | G32: Bodeguero | K32: =DATEDIF(FARMACIA!$D33,$A$1,"Y") -> 126 | L32: =DATEDIF(FARMACIA!$D33,$A$1,"Ym") -> 8 | M32: =DATEDIF(FARMACIA!$D33,$A$1,"md") -> 3 | N32: NO
A33: Peña | B33: Vilches | C33: Deyna | D33: 45887 | E33: =DATEDIF(D33,TODAY(),"Y")&" años, "&DATEDIF(D33,TODAY(),"YM")&" meses y "&DATEDIF(D33,TODAY(),"MD")&" días." -> 1 años, 0 meses y 16 días. | F33: 45979 | G33: Químico Farmacéutico | K33: =DATEDIF(FARMACIA!$D35,$A$1,"Y") -> 126 | L33: =DATEDIF(FARMACIA!$D35,$A$1,"Ym") -> 8 | M33: =DATEDIF(FARMACIA!$D35,$A$1,"md") -> 3 | N33: NO
A34: muñoz

Sheet PERFUMERIA
A2: CODIGO | B2: APELLIDO 1 | C2: APELLIDO 2 | D2: NOMBRES | E2: Fecha Contrato | F2: DOCUMENTO | G2: NUMERO | H2: DIGITO | I2: NACIONALIDAD | J2: FECHA NACIMIENTO | K2: DIRECCION | L2: GENERO | M2: CARGO
B3: Alcalá | C3: Moreno | D3: Yenifer Nataliz | E3: 44197 | F3: Run | G3: 27334343 | H3: 1 | I3: VENEZOLANA | J3: 31075 | K3: Sargento Candelaria 555 | L3: F | M3: Vendedora
B4: Betancourt | D4: Yohana | E4: 44476 | F4: Run | G4: 27164874 | H4: K | I4: VENEZOLANA | J4: 34366 | K4: Buenos Aires 866 | L4: F | M4: Vendedora
B5: Garcia | C5: Landaeta | D5: Emmi | E5: 43831 | F5: Run | G5: 26574656 | H5: K | I5: VENEZOLANA | J5: 24/08/1992 | K5: Manuel Thompson 7757 | L5: F | M5: Vendedora
B6: Reyes | C6: Hernández | D6: Francisca | E6: 44207 | F6: Run | G6: 20261288 | H6: 1 | I6: CHILENA | J6: 06/01/2000 | K6: Bellavista 4351, depto. N | L6: F | M6: Vendedora
B7: Vivas | C7: Silva | D7: Carla Coromoto | E7: 44166 | F7: Pasaporte/DNI | G7: 113072747 | I7: VENEZOLANA | J7: 02/04/1993 | K7: Oficina Anita 265 | L7: F | M7: Vendedora

Sheet Fichas
A1: Hilda | D1: Adriana
A2: Hidalgo | B2: Hidalgo | D2: Bravo | E2: Valles
A4: Yaneth | D4: Estefania
A5: Chacalla | B5: Anco | D5: Huayraña | E5: Espinoza
A7: Daniela | D7: Lorenzo
A8: Soto | B8: Zapata | D8: Maldonado | E8: Farías
A10: Sonia | D10: Karina
A11: Condori | B11: Arena | D11: Araos | E11: Carrasco
A13: Mariana | D13: Rubén
A14: Fandiño | B14: Jiménez | D14: Rodríguez | E14: Aravena
